addr,token_value,token_type,result
130,3509,Two,"br 0x98"
132,14852,Two,"mov 0x4, r7"
134,16413,Two,"mov r29, r8"
136,14787,Two,"add sp, r7"
138,12312,Two,"mov r24, r6"
140,327552,Four,"jarl 0x90, lp"
144,64068,Two,"add 0x4, lp"
146,121,Two,"jmp [r25]"
148,20989,Two,"cmp r29, r10"
150,11674,Two,"bne 0xe8"
152,12804,Two,"mov 0x4, r6"
154,12739,Two,"add sp, r6"
156,18460,Two,"mov r28, r9"
158,16406,Two,"mov r22, r8"
160,14359,Two,"mov r23, r7"
162,327552,Four,"jarl 0xa6, lp"
168,122,Two,"jmp [r26]"
170,12316,Two,"mov r28, r6"
172,59402,Two,"mov r10, r29"
174,327552,Four,"jarl 0xb2, lp"
180,123,Two,"jmp [r27]"
182,21088,Two,"cmp 0x0, r10"
184,3578,Two,"bne 0xd6"
186,60000,Two,"cmp 0x0, r29"
188,58826,Two,"bne 0x84"
192,4113235840,Four,"jarl 0xf5ea, lp"
198,54984576,Four,"jarl 0x40c, lp"
204,5594,Two,"bne 0xf6"
206,1074011651,Four,"addi 0x4004, sp, sp"
210,4022994816,Four,"jr 0xf09c"
214,1128000,Four,"movhi 0x11, r0, r6"
218,52442662,Four,"movea 0x320, r6, r6"
222,4128440192,Four,"jarl 0xf6f0, lp"
234,14339,Two,"mov sp, r7"
236,204537728,Four,"jarl 0xd1c, lp"
240,12298,Two,"mov r10, r6"
242,4279173055,Four,"jarl 0x0, lp"
250,52835878,Four,"movea 0x326, r6, r6"
258,4292877827,Four,"addi -0x20, sp, sp"
274,1107520,Four,"movhi 0x10, r0, r28"
294,1965923,Four,"st.w lp, 0x1c[sp]"
302,55302,Two,"mov r6, r27"
310,330753596,Four,"movea 0x13b6, r28, r28"
314,1073794592,Four,"movea 0x4000, r0, r25"
320,4130133562,Four,"movea -0x9d4, r26, r26"
324,3525,Two,"br 0x15c"
328,18456,Two,"mov r24, r9"
330,16394,Two,"mov r10, r8"
336,327552,Four,"jarl 0x154, lp"
346,9642,Two,"bne 0x19e"
350,16409,Two,"mov r25, r8"
354,12315,Two,"mov r27, r6"
356,327552,Four,"jarl 0x168, lp"
362,124,Two,"jmp [r28]"
368,5510,Two,"blt 0x190"
370,60842,Two,"bne 0x146"
380,7642,Two,"bne 0x1b6"
390,5546,Two,"bne 0x1aa"
396,4016310144,Four,"jr 0xf0f0"
418,53818918,Four,"movea 0x335, r6, r6"
442,54736422,Four,"movea 0x343, r6, r6"
450,6736,Two,"add -0x10, sp"
460,917347,Four,"st.w lp, 0xc[sp]"
468,4227079683,Four,"addi -0x40c, sp, sp"
472,59398,Two,"mov r6, r29"
474,55303,Two,"mov r7, r27"
476,4158979968,Four,"jarl 0xf9c0, lp"
480,21059,Two,"add 0x3, r10"
482,67067424,Four,"movea 0x3ff, r0, r11"
486,20971,Two,"cmp r11, r10"
488,13723,Two,"bh 0x24a"
494,57169450,Four,"movea 0x368, r10, r10"
498,612195,Four,"st.w r10, 0x8[sp]"
502,12812,Two,"mov 0xc, r6"
508,67124768,Four,"movea 0x400, r0, r7"
514,57431594,Four,"movea 0x36c, r10, r10"
518,388963,Four,"st.w r29, 0x4[sp]"
526,4038524800,Four,"jarl 0xf2c4, lp"
530,1130048,Four,"movhi 0x11, r0, r7"
534,57753127,Four,"movea 0x371, r7, r7"
538,12317,Two,"mov r29, r6"
540,4088463232,Four,"jarl 0xf5cc, lp"
544,57354,Two,"mov r10, r28"
548,17810,Two,"be 0x2a6"
552,14363,Two,"mov r27, r7"
556,87490432,Four,"jarl 0x762, lp"
562,9618,Two,"be 0x274"
564,14346,Two,"mov r10, r7"
568,4261216191,Four,"jarl 0x34, lp"
574,4208000896,Four,"jarl 0xfd0e, lp"
578,67902979,Four,"addi 0x40c, sp, sp"
582,4020897664,Four,"jr 0xf1f0"
610,55662122,Four,"movea 0x351, r10, r10"
648,21004,Two,"mov 0xc, r10"
650,20931,Two,"add sp, r10"
660,57955882,Four,"movea 0x374, r10, r10"
690,4293139971,Four,"addi -0x1c, sp, sp"
702,1703779,Four,"st.w lp, 0x18[sp]"
726,51206,Two,"mov r6, r25"
734,220682,Four,"addi 0x3, r10, r11"
738,67065376,Four,"movea 0x3ff, r0, r10"
742,23018,Two,"cmp r10, r11"
744,25995,Two,"bh 0x3a8"
752,1173056,Four,"movhi 0x11, r0, r28"
756,59366971,Four,"movea 0x389, r27, r27"
766,4072990268,Four,"movea -0xd3c, r28, r28"
770,380771,Four,"st.w r25, 0x4[sp]"
774,122723,Four,"st.w r27, 0x0[sp]"
778,327552,Four,"jarl 0x30e, lp"
786,60003,Two,"cmp 0x3, r29"
788,17875,Two,"bnh 0x39e"
794,4294821405,Four,"addi -0x3, r29, r24"
798,57202234,Four,"movea 0x368, r26, r26"
802,12313,Two,"mov r25, r6"
804,14362,Two,"mov r26, r7"
806,12760,Two,"add r24, r6"
808,4155834240,Four,"jarl 0xfadc, lp"
814,13698,Two,"be 0x38e"
824,14781,Two,"sub r29, r7"
826,12765,Two,"add r29, r6"
828,59916,Two,"mov 0xc, r29"
834,382819,Four,"st.w r26, 0x4[sp]"
838,55321,Two,"mov r25, r27"
840,327552,Four,"jarl 0x34c, lp"
848,59843,Two,"add sp, r29"
868,15826,Two,"be 0x3de"
874,59522599,Four,"movea 0x38c, r7, r7"
886,11746,Two,"be 0x3d2"
892,4253482943,Four,"jarl 0x102, lp"
906,3987867520,Four,"jr 0xf13c"
914,49610,Two,"add r10, r24"
916,1880,Four,"st.b r0, 0x0[r24]"
920,59417,Two,"mov r25, r29"
922,55306,Two,"mov r10, r27"
924,56757,Two,"br 0x352"
934,50645,Two,"br 0x330"
998,651107,Four,"st.w r29, 0x8[sp]"
1040,12896,Two,"cmp 0x0, r6"
1042,3570,Two,"be 0x430"
1044,876326,Four,"ld.w 0xc[r6], r11"
1048,474961440,Four,"movea 0x1c4f, r0, r10"
1054,1490,Two,"be 0x428"
1056,864354176,Four,"jarl 0x37a4, lp"
1060,3996649344,Four,"jr 0xf25c"
1064,489488256,Four,"jarl 0x2154, lp"
1072,21022,Two,"mov -0x2, r10"
1074,64917,Two,"br 0x424"
1108,53254,Two,"mov r6, r26"
1110,6744,Two,"add -0x8, sp"
1112,51207,Two,"mov r7, r25"
1114,57352,Two,"mov r8, r28"
1118,1466,Two,"bne 0x464"
1120,49809280,Four,"jr 0x758"
1128,9188896,Four,"movea 0x8c, r0, r6"
1132,4150058555,Four,"movea -0x8a4, r27, r27"
1136,327552,Four,"jarl 0x474, lp"
1148,1466,Two,"bne 0x482"
1154,536895008,Four,"movea 0x2000, r0, r11"
1158,1924989,Four,"st.w r11, 0x1c[r29]"
1162,22300,Four,"ld.b 0x0[r28], r10"
1166,23071,Two,"mov -0x1, r11"
1168,1640317,Four,"st.w r0, 0x18[r29]"
1172,5310333,Four,"st.w r0, 0x50[r29]"
1176,853885,Four,"st.w r0, 0xc[r29]"
1180,4022141,Four,"st.w r11, 0x3c[r29]"
1184,4261757,Four,"st.w r0, 0x40[r29]"
1188,2688893,Four,"st.w r0, 0x28[r29]"
1192,49664,Two,"mov 0x0, r24"
1196,1466,Two,"bne 0x4b2"
1198,28051328,Four,"jr 0x65a"
1202,1076800,Four,"movhi 0x10, r0, r13"
1206,2850336,Four,"movea 0x2b, r0, r15"
1210,5076512,Four,"movea 0x4d, r0, r14"
1214,83914285,Four,"movea 0x500, r13, r13"
1218,33281,Two,"mov 0x1, r16"
1222,12803,Two,"mov 0x3, r6"
1224,39426,Two,"mov 0x2, r19"
1226,2041681440,Four,"movea 0x79b1, r0, r18"
1230,474975776,Four,"movea 0x1c4f, r0, r17"
1234,3461,Two,"br 0x4e2"
1240,57921,Two,"add 0x1, r28"
1248,24034,Two,"be 0x59c"
1250,4291845642,Four,"addi -0x30, r10, r11"
1254,16737995,Four,"andi 0xff, r11, r12"
1258,25193,Two,"cmp 0x9, r12"
1260,62915,Two,"bnh 0x4d4"
1262,20911,Two,"sub r15, r10"
1264,20974,Two,"cmp r14, r10"
1266,62907,Two,"bh 0x4d8"
1268,21185,Two,"shl 0x1, r10"
1270,20941,Two,"add r13, r10"
1272,22314,Four,"ld.h 0x0[r10], r10"
1278,106,Two,"jmp [r10]"
1280,346,Two,"and r26, r0"
1282,4292411352,Four,"tst1 0x7, -0x28[r24]"
1356,25755608,Four,"tst1 0x7, 0x188[r24]"
1360,25231320,Four,"tst1 0x7, 0x180[r24]"
1400,27328472,Four,"tst1 0x7, 0x1a0[r24]"
1420,26804184,Four,"tst1 0x7, 0x198[r24]"
1334,368,Two,"tst r16, r0"
1388,376,Two,"tst r24, r0"
1398,424,Two,"sub r8, r0"
1432,400,Two,"subr r16, r0"
1434,362,Two,"tst r10, r0"
1436,874301,Four,"ld.w 0xc[r29], r10"
1442,24002,Two,"be 0x65a"
1444,474963488,Four,"movea 0x1c4f, r0, r11"
1450,21890,Two,"be 0x64a"
1452,12314,Two,"mov r26, r6"
1458,124426,Four,"addi 0x1, r10, r28"
1464,327552,Four,"jarl 0x5bc, lp"
1472,1398653,Four,"st.w r10, 0x14[r29]"
1486,64181802,Four,"movea 0x3d3, r10, r10"
1490,14364,Two,"mov r28, r7"
1514,26034,Two,"be 0x6b0"
1516,49760,Two,"cmp 0x0, r24"
1518,1458,Two,"be 0x5f4"
1520,17434496,Four,"jr 0x6fa"
1524,100752928,Four,"movea 0x601, r0, r11"
1528,34172448,Four,"movea 0x209, r0, r13"
1532,2041669152,Four,"movea 0x79b1, r0, r12"
1536,20972,Two,"cmp r12, r10"
1538,23938,Two,"be 0x6b2"
1540,22541,Two,"mov r13, r11"
1542,51808,Two,"cmp 0x0, r25"
1544,22014,Two,"bge 0x6b6"
1546,28726816,Four,"movea 0x1b6, r0, r10"
1556,89955,Four,"st.w r11, 0x0[sp]"
1560,4077191040,Four,"jarl 0xf91c, lp"
1564,1136509,Four,"st.w r10, 0x10[r29]"
1568,51210,Two,"mov r10, r25"
1570,21119,Two,"cmp -0x1, r10"
1572,1466,Two,"bne 0x62a"
1574,18089856,Four,"jr 0x73a"
1582,21089,Two,"cmp 0x1, r10"
1584,17914,Two,"bne 0x6be"
1586,16898,Two,"mov 0x2, r8"
1588,14848,Two,"mov 0x0, r7"
1592,4137222016,Four,"jarl 0xfcd0, lp"
1596,2041665056,Four,"movea 0x79b1, r0, r10"
1600,874365,Four,"st.w r10, 0xc[r29]"
1604,67453,Four,"st.w r0, 0x0[r29]"
1608,17813,Two,"br 0x6ca"
1610,2709309,Four,"ld.w 0x28[r29], r10"
1616,1498,Two,"bne 0x65a"
1618,20993,Two,"mov 0x1, r10"
1620,2709373,Four,"st.w r10, 0x28[r29]"
1624,44453,Two,"br 0x5ac"
1628,4041670528,Four,"jarl 0xf742, lp"
1632,59904,Two,"mov 0x0, r29"
1634,6728,Two,"add 0x8, sp"
1636,20509,Two,"mov r29, r10"
1642,49168,Two,"mov r16, r24"
1644,4268492735,Four,"jr 0x4d8"
1648,4276093,Four,"st.w r7, 0x40[r29]"
1656,886653,Four,"st.w r16, 0xc[r29]"
1664,2721661,Four,"st.w r16, 0x28[r29]"
1672,4274045,Four,"st.w r6, 0x40[r29]"
1680,890749,Four,"st.w r18, 0xc[r29]"
1688,888701,Four,"st.w r17, 0xc[r29]"
1696,4300669,Four,"st.w r19, 0x40[r29]"
1704,4294525,Four,"st.w r16, 0x40[r29]"
1712,23040,Two,"mov 0x0, r11"
1716,44470,Two,"blt 0x60a"
1718,1167229,Four,"st.w r25, 0x10[r29]"
1724,48562,Two,"be 0x632"
1732,9618,Two,"be 0x706"
1738,5322557,Four,"ld.w 0x50[r29], r6"
1742,4786045,Four,"st.w r0, 0x48[r29]"
1748,3474,Two,"be 0x6e6"
1750,5068605,Four,"ld.w 0x4c[r29], r10"
1754,21116,Two,"cmp -0x4, r10"
1756,1458,Two,"be 0x6e2"
1766,5048189,Four,"st.w r0, 0x4c[r29]"
1770,591741,Four,"st.w r0, 0x8[r29]"
1774,5834621,Four,"st.w r0, 0x58[r29]"
1786,234970656,Four,"movea 0xe01, r0, r11"
1790,168390176,Four,"movea 0xa09, r0, r13"
1794,4277798847,Four,"jr 0x5fc"
1798,16897,Two,"mov 0x1, r8"
1808,3233661,Four,"st.w r10, 0x30[r29]"
1812,876349,Four,"ld.w 0xc[r29], r11"
1818,1466,Two,"bne 0x720"
1820,3213181,Four,"st.w r0, 0x30[r29]"
1834,54666,Two,"bne 0x6ca"
1836,3475325,Four,"st.w r0, 0x34[r29]"
1840,3737469,Four,"st.w r0, 0x38[r29]"
1844,2951037,Four,"st.w r0, 0x2c[r29]"
1850,1390397,Four,"ld.w 0x14[r29], r6"
1858,4148356668,Four,"movea -0x8be, r28, r28"
1862,327552,Four,"jarl 0x74a, lp"
1872,327552,Four,"jarl 0x754, lp"
1890,16391,Two,"mov r7, r8"
1896,14879,Two,"mov -0x1, r7"
1898,4241162175,Four,"jarl 0x434, lp"
1946,12927,Two,"cmp -0x1, r6"
1948,9666,Two,"be 0x7e4"
1950,1259040,Four,"movea 0x13, r0, r6"
1954,4022009728,Four,"jarl 0xf75c, lp"
1970,1261088,Four,"movea 0x13, r0, r7"
1974,64378410,Four,"movea 0x3d6, r10, r10"
1990,16411,Two,"mov r27, r8"
2010,612131,Four,"ld.w 0x8[sp], r10"
2014,6732,Two,"add 0xc, sp"
2022,20992,Two,"mov 0x0, r10"
2030,7650,Two,"be 0x82a"
2032,874278,Four,"ld.w 0xc[r6], r10"
2042,1490,Two,"be 0x804"
2044,2041667104,Four,"movea 0x79b1, r0, r11"
2050,5578,Two,"bne 0x82a"
2052,1660710,Four,"ld.w 0x18[r6], r10"
2060,20487,Two,"mov r7, r10"
2062,20935,Two,"add r7, r10"
2064,20967,Two,"cmp r7, r10"
2066,3521,Two,"bc 0x82a"
2068,14946,Two,"cmp 0x2, r7"
2070,1489,Two,"bc 0x820"
2072,1916774,Four,"st.w r7, 0x1c[r6]"
2078,127,Two,"jmp [lp]"
2080,14850,Two,"mov 0x2, r7"
2090,21023,Two,"mov -0x1, r10"
2100,393059,Four,"st.w lp, 0x4[sp]"
2108,15794,Two,"be 0x8b2"
2110,876326,Four,"ld.w 0xc[r6], r11"
2120,13786,Two,"bne 0x8b2"
2122,5068582,Four,"ld.w 0x4c[r6], r10"
2128,1458,Two,"be 0x856"
2130,21115,Two,"cmp -0x5, r10"
2134,3227453,Four,"ld.w 0x30[r29], r7"
2138,1128253,Four,"ld.w 0x10[r29], r6"
2142,16896,Two,"mov 0x0, r8"
2166,1530,Two,"bne 0x884"
2190,3474,Two,"be 0x8a0"
2198,1458,Two,"be 0x89c"
2222,3918661504,Four,"jr 0xf240"
2228,64981,Two,"br 0x8ae"
2240,655203,Four,"st.w lp, 0x8[sp]"
2246,57351,Two,"mov r7, r28"
2250,13698,Two,"be 0x92a"
2262,1490,Two,"be 0x8e0"
2270,9706,Two,"bne 0x92a"
2272,5070653,Four,"ld.w 0x4c[r29], r11"
2276,23136,Two,"cmp 0x0, r11"
2278,9610,Two,"bne 0x926"
2280,16993,Two,"cmp 0x1, r8"
2282,9611,Two,"bh 0x92a"
2284,16992,Two,"cmp 0x0, r8"
2286,9618,Two,"be 0x930"
2288,4810557,Four,"ld.w 0x48[r29], r12"
2292,25184,Two,"cmp 0x0, r12"
2294,1474,Two,"be 0x8fe"
2296,4548413,Four,"ld.w 0x44[r29], r12"
2300,57804,Two,"add r12, r28"
2306,474965536,Four,"movea 0x1c4f, r0, r12"
2312,7634,Two,"be 0x942"
2314,57952,Two,"cmp 0x0, r28"
2316,3574,Two,"blt 0x92a"
2318,612157,Four,"ld.w 0x8[r29], r10"
2324,1506,Two,"be 0x920"
2326,23041,Two,"mov 0x1, r11"
2328,4808573,Four,"st.w r11, 0x48[r29]"
2332,4581245,Four,"st.w r28, 0x44[r29]"
2336,20956,Two,"add r28, r10"
2338,3908700032,Four,"jr 0xf21c"
2342,23163,Two,"cmp -0x5, r11"
2344,58754,Two,"be 0x8e8"
2352,616253,Four,"ld.w 0x8[r29], r12"
2360,57772,Two,"sub r12, r28"
2368,58842,Two,"bne 0x90a"
2370,2967357,Four,"ld.w 0x2c[r29], r8"
2380,21970,Two,"be 0x9f6"
2384,13774,Two,"bge 0x9b8"
2386,57802,Two,"add r10, r28"
2394,1458,Two,"be 0x960"
2432,13762,Two,"be 0x9e8"
2444,3506,Two,"be 0x9a2"
2450,23164,Two,"cmp -0x4, r11"
2452,1490,Two,"be 0x99e"
2484,21930,Two,"bne 0xa58"
2488,89917,Four,"ld.w 0x0[r29], r11"
2492,26652,Two,"mov r28, r13"
2496,5526,Two,"blt 0x9e2"
2498,23036,Two,"cmp r28, r11"
2500,3583,Two,"bgt 0x9e2"
2502,57771,Two,"sub r11, r28"
2504,26635,Two,"mov r11, r13"
2508,354109,Four,"ld.w 0x4[r29], r12"
2514,25037,Two,"add r13, r12"
2516,89981,Four,"st.w r11, 0x0[r29]"
2520,354173,Four,"st.w r12, 0x4[r29]"
2524,612221,Four,"st.w r10, 0x8[r29]"
2528,40341,Two,"br 0x912"
2530,22972,Two,"sub r28, r11"
2532,57856,Two,"mov 0x0, r28"
2534,62901,Two,"br 0x9cc"
2548,50677,Two,"br 0x982"
2550,22556,Two,"mov r28, r11"
2552,22986,Two,"add r10, r11"
2556,11670,Two,"blt 0xa4e"
2558,81725,Four,"ld.w 0x0[r29], r7"
2566,14748,Two,"subr r28, r7"
2598,3474,Two,"be 0xa38"
2606,1458,Two,"be 0xa34"
2634,4275570623,Four,"jr 0x922"
2644,4275570623,Four,"jr 0x92c"
2650,4273473471,Four,"jr 0x912"
2674,13698,Two,"be 0xad2"
2686,1490,Two,"be 0xa88"
2694,9706,Two,"bne 0xad2"
2702,9610,Two,"bne 0xace"
2706,9611,Two,"bh 0xad2"
2710,9618,Two,"be 0xad8"
2718,1474,Two,"be 0xaa6"
2736,7634,Two,"be 0xaea"
2740,3574,Two,"blt 0xad2"
2748,1506,Two,"be 0xac8"
2768,58754,Two,"be 0xa90"
2792,58842,Two,"bne 0xab2"
2804,21970,Two,"be 0xb9e"
2808,13774,Two,"bge 0xb60"
2818,1458,Two,"be 0xb08"
2856,13762,Two,"be 0xb90"
2868,3506,Two,"be 0xb4a"
2876,1490,Two,"be 0xb46"
2908,21930,Two,"bne 0xc00"
2920,5526,Two,"blt 0xb8a"
2924,3583,Two,"bgt 0xb8a"
2952,40341,Two,"br 0xaba"
2958,62901,Two,"br 0xb74"
2972,50677,Two,"br 0xb2a"
2980,11670,Two,"blt 0xbf6"
3022,3474,Two,"be 0xbe0"
3030,1458,Two,"be 0xbdc"
3058,4275570623,Four,"jr 0xaca"
3068,4275570623,Four,"jr 0xad4"
3074,4273473471,Four,"jr 0xaba"
3080,5586,Two,"be 0xc32"
3092,1490,Two,"be 0xc1e"
3100,3514,Two,"bne 0xc32"
3102,4808486,Four,"ld.w 0x48[r6], r11"
3106,612134,Four,"ld.w 0x8[r6], r10"
3112,1506,Two,"be 0xc34"
3114,4546342,Four,"ld.w 0x44[r6], r11"
3118,20939,Two,"add r11, r10"
3128,5586,Two,"be 0xc62"
3140,1490,Two,"be 0xc4e"
3148,3514,Two,"bne 0xc62"
3160,1506,Two,"be 0xc64"
3188,7650,Two,"be 0xcb0"
3200,1490,Two,"be 0xc8a"
3208,5578,Two,"bne 0xcb0"
3226,878397,Four,"ld.w 0xc[r29], r12"
3234,25067,Two,"cmp r11, r12"
3236,1482,Two,"bne 0xcac"
3238,5857085,Four,"ld.w 0x58[r29], r11"
3242,20907,Two,"sub r11, r10"
3250,64981,Two,"br 0xcac"
3266,7650,Two,"be 0xcfe"
3278,1490,Two,"be 0xcd8"
3286,5578,Two,"bne 0xcfe"
3314,1482,Two,"bne 0xcfa"
3328,64981,Two,"br 0xcfa"
3332,1522,Two,"be 0xd12"
3344,1458,Two,"be 0xd16"
3350,3757862,Four,"ld.w 0x38[r6], r10"
3358,9666,Two,"be 0xd66"
3370,1490,Two,"be 0xd34"
3378,7594,Two,"bne 0xd66"
3384,14944,Two,"cmp 0x0, r7"
3386,1490,Two,"be 0xd44"
3388,87911,Four,"st.w r10, 0x0[r7]"
3398,1506,Two,"be 0xd52"
3400,5330726,Four,"ld.w 0x50[r6], r10"
3406,1522,Two,"be 0xd5c"
3414,64902698,Four,"movea 0x3de, r10, r10"
3424,65820202,Four,"movea 0x3ec, r10, r10"
3448,3506,Two,"be 0xd8e"
3460,1522,Two,"be 0xd92"
3468,1522,Two,"be 0xd9a"
3474,3475302,Four,"st.w r0, 0x34[r6]"
3478,3737446,Four,"st.w r0, 0x38[r6]"
3488,3474,Two,"be 0xdb2"
3496,1458,Two,"be 0xdae"
3514,4293402115,Four,"addi -0x18, sp, sp"
3526,1441635,Four,"st.w lp, 0x14[sp]"
3544,5322534,Four,"ld.w 0x50[r6], r6"
3548,4293664259,Four,"addi -0x14, sp, sp"
3556,3538,Two,"be 0xdfe"
3564,1522,Two,"be 0xdfa"
3566,1130339,Four,"st.w r7, 0x10[sp]"
3574,1130275,Four,"ld.w 0x10[sp], r7"
3584,3570,Two,"be 0xe1e"
3586,14971,Two,"cmp -0x5, r7"
3594,5062525,Four,"st.w r7, 0x4c[r29]"
3600,1458,Two,"be 0xe16"
3602,14972,Two,"cmp -0x4, r7"
3604,3482,Two,"bne 0xe26"
3606,1318403,Four,"addi 0x14, sp, sp"
3610,3815114624,Four,"jr 0xf180"
3622,1429309,Four,"ld.w 0x14[r29], r25"
3630,4190166587,Four,"movea -0x640, r27, r27"
3636,327552,Four,"jarl 0xe38, lp"
3646,53258,Two,"mov r10, r26"
3648,327552,Four,"jarl 0xe44, lp"
3656,20954,Two,"add r26, r10"
3658,210442,Four,"addi 0x3, r10, r6"
3666,5330813,Four,"st.w r10, 0x50[r29]"
3674,9698,Two,"be 0xea6"
3678,327552,Four,"jarl 0xe62, lp"
3690,327552,Four,"jarl 0xe6e, lp"
3698,20957,Two,"add r29, r10"
3700,212490,Four,"addi 0x3, r10, r7"
3708,65885738,Four,"movea 0x3ed, r10, r10"
3720,66082346,Four,"movea 0x3f0, r10, r10"
3726,911203,Four,"st.w r28, 0xc[sp]"
3750,21020,Two,"mov -0x4, r10"
3756,5068669,Four,"st.w r10, 0x4c[r29]"
3810,5557766,Four,"addi 0x54, r6, r25"
3816,9618,Two,"be 0xf2a"
3818,5889853,Four,"ld.w 0x58[r29], r27"
3822,55905,Two,"cmp 0x1, r27"
3824,30083,Two,"bnh 0xfd0"
3826,5586749,Four,"ld.w 0x54[r29], r7"
3830,2055712,Four,"movea 0x1f, r0, r11"
3834,22279,Four,"ld.b 0x0[r7], r10"
3838,16733898,Four,"andi 0xff, r10, r10"
3844,1466,Two,"bne 0xf0a"
3846,18483072,Four,"jr 0x1020"
3856,1458,Two,"be 0xf16"
3858,28575616,Four,"jr 0x10c6"
3864,3495805,Four,"st.w r10, 0x34[r29]"
3882,1957670,Four,"ld.w 0x1c[r6], r27"
3892,4150060604,Four,"movea -0x8a4, r28, r28"
3896,327552,Four,"jarl 0xf3c, lp"
3906,12763,Two,"add r27, r6"
3910,2185085,Four,"st.w r10, 0x20[r29]"
3914,327552,Four,"jarl 0xf4e, lp"
3922,2447229,Four,"st.w r10, 0x24[r29]"
3926,53856,Two,"cmp 0x0, r26"
3928,1466,Two,"bne 0xf5e"
3930,24512384,Four,"jr 0x10d0"
3936,1466,Two,"bne 0xf66"
3942,1132096,Four,"movhi 0x11, r0, r8"
3946,7669629,Four,"st.w r0, 0x74[r29]"
3950,7931773,Four,"st.w r0, 0x78[r29]"
3954,8193917,Four,"st.w r0, 0x7c[r29]"
3962,5572477,Four,"st.w r0, 0x54[r29]"
3966,3690016,Four,"movea 0x38, r0, r9"
3970,67454504,Four,"movea 0x405, r8, r8"
3974,2047520,Four,"movea 0x1f, r0, r7"
3980,1695613,Four,"st.w r27, 0x18[r29]"
3984,1874788224,Four,"jarl 0x7f4e, lp"
3990,44450,Two,"be 0xeea"
3992,2438973,Four,"ld.w 0x24[r29], r6"
4004,327552,Four,"jarl 0xfa8, lp"
4012,2176829,Four,"ld.w 0x20[r29], r6"
4016,327552,Four,"jarl 0xfb4, lp"
4032,66537000,Four,"movea 0x3f7, r8, r8"
4036,14876,Two,"mov -0x4, r7"
4040,4260560831,Four,"jarl 0xdba, lp"
4046,44485,Two,"br 0xf26"
4054,1458,Two,"be 0xfdc"
4058,64922,Two,"bne 0xfcc"
4060,3495741,Four,"ld.w 0x34[r29], r10"
4066,13762,Two,"be 0x104a"
4068,55904,Two,"cmp 0x0, r27"
4070,7586,Two,"be 0x101a"
4088,55809,Two,"mov 0x1, r27"
4090,341885,Four,"st.w r6, 0x4[r29]"
4096,3914661760,Four,"jarl 0xf954, lp"
4114,2971517,Four,"st.w r10, 0x2c[r29]"
4128,87815,Four,"ld.b 0x1[r7], r10"
4132,9133600,Four,"movea 0x8b, r0, r11"
4142,1458,Two,"be 0x1034"
4144,4275701695,Four,"jr 0xf0a"
4150,1830092672,Four,"jarl 0x7d4a, lp"
4154,20994,Two,"mov 0x2, r10"
4166,4276094911,Four,"jr 0xf26"
4170,2211645,Four,"ld.w 0x20[r29], r23"
4176,3506,Two,"be 0x1066"
4178,5592893,Four,"ld.w 0x54[r29], r10"
4182,22282,Four,"ld.b 0x0[r10], r10"
4186,22359,Four,"st.b r10, 0x0[r23]"
4198,1693501,Four,"ld.w 0x18[r29], r26"
4202,1160768,Four,"movhi 0x11, r0, r22"
4206,53691,Two,"sub r27, r26"
4210,4239177270,Four,"movea -0x354, r22, r22"
4214,1073792576,Four,"movhi 0x4000, r0, r24"
4218,1477,Two,"br 0x1082"
4222,53756,Two,"cmp r28, r26"
4224,5587,Two,"bnh 0x10aa"
4228,16410,Two,"mov r26, r8"
4230,14811,Two,"add r27, r7"
4232,16828,Two,"sub r28, r8"
4234,14807,Two,"add r23, r7"
4236,16888,Two,"cmp r24, r8"
4238,1443,Two,"bnh 0x1092"
4240,16408,Two,"mov r24, r8"
4246,327552,Four,"jarl 0x109a, lp"
4252,118,Two,"jmp [r22]"
4256,60911,Two,"bgt 0x107c"
4258,9722,Two,"bne 0x10f0"
4270,2185021,Four,"ld.w 0x20[r29], r10"
4274,55772,Two,"add r28, r27"
4276,5889917,Four,"st.w r27, 0x58[r29]"
4280,5592957,Four,"st.w r10, 0x54[r29]"
4288,38338,Two,"be 0xfe8"
4290,4264560575,Four,"jr 0xef2"
4302,40325,Two,"br 0xffe"
4314,327552,Four,"jarl 0x10de, lp"
4324,327552,Four,"jarl 0x10e8, lp"
4332,4275046335,Four,"jr 0xfbc"
4340,67913256,Four,"movea 0x40c, r8, r8"
4358,4292353539,Four,"addi -0x28, sp, sp"
4382,2490211,Four,"st.w lp, 0x24[sp]"
4386,2207587,Four,"st.w r21, 0x20[sp]"
4406,1166912,Four,"movhi 0x11, r0, r25"
4410,6668070,Four,"ld.w 0x64[r6], r23"
4416,5555718,Four,"addi 0x54, r6, r24"
4420,4239185466,Four,"movea -0x354, r26, r26"
4424,1073798720,Four,"movhi 0x4000, r0, r27"
4428,2193149497,Four,"movea -0x7d48, r25, r25"
4432,5855036,Four,"ld.w 0x58[r28], r10"
4438,19866,Two,"bne 0x11e8"
4440,5068604,Four,"ld.w 0x4c[r28], r10"
4446,1490,Two,"be 0x1168"
4452,19531648,Four,"jr 0x128e"
4456,3495740,Four,"ld.w 0x34[r28], r10"
4462,5618,Two,"be 0x119c"
4468,71190056,Four,"movea 0x43e, r8, r8"
4472,14875,Two,"mov -0x5, r7"
4480,6641468,Four,"ld.w 0x64[r28], r10"
4484,6381372,Four,"ld.w 0x60[r28], r11"
4488,47530,Two,"sub r10, r23"
4490,20491,Two,"mov r11, r10"
4492,20919,Two,"sub r23, r10"
4494,350076,Four,"st.w r10, 0x4[r28]"
4500,114556,Four,"st.w r23, 0x0[r28]"
4504,3735553920,Four,"jr 0xf040"
4508,2207548,Four,"ld.w 0x20[r28], r21"
4512,1685308,Four,"ld.w 0x18[r28], r22"
4518,1477,Two,"br 0x11ae"
4520,59850,Two,"add r10, r29"
4522,45565,Two,"cmp r29, r22"
4524,5571,Two,"bnh 0x11d4"
4528,14357,Two,"mov r21, r7"
4530,16829,Two,"sub r29, r8"
4532,14813,Two,"add r29, r7"
4534,16891,Two,"cmp r27, r8"
4536,1443,Two,"bnh 0x11bc"
4540,1128252,Four,"ld.w 0x10[r28], r6"
4544,327552,Four,"jarl 0x11c4, lp"
4554,60927,Two,"bgt 0x11a8"
4556,26042,Two,"bne 0x1292"
4560,3495804,Four,"st.w r10, 0x34[r28]"
4570,2185020,Four,"ld.w 0x20[r28], r10"
4574,5894012,Four,"st.w r29, 0x58[r28]"
4578,5592956,Four,"st.w r10, 0x54[r28]"
4582,50642,Two,"be 0x1170"
4588,327552,Four,"jarl 0x11f0, lp"
4596,21118,Two,"cmp -0x2, r10"
4598,7586,Two,"be 0x122a"
4600,21090,Two,"cmp 0x2, r10"
4606,9618,Two,"be 0x1240"
4608,21117,Two,"cmp -0x3, r10"
4610,11682,Two,"be 0x1256"
4612,6643516,Four,"ld.w 0x64[r28], r11"
4618,13714,Two,"be 0x126c"
4622,42394,Two,"bne 0x1150"
4624,6379324,Four,"ld.w 0x60[r28], r10"
4628,22935,Two,"subr r23, r11"
4632,89980,Four,"st.w r11, 0x0[r28]"
4640,2951036,Four,"st.w r0, 0x2c[r28]"
4654,72697384,Four,"movea 0x455, r8, r8"
4658,14878,Two,"mov -0x2, r7"
4694,7161660,Four,"ld.w 0x6c[r28], r8"
4700,5570,Two,"be 0x1284"
4702,14877,Two,"mov -0x3, r7"
4724,47499,Two,"subr r11, r23"
4726,376700,Four,"st.w r23, 0x4[r28]"
4732,54690,Two,"be 0x1220"
4744,69748264,Four,"movea 0x428, r8, r8"
4748,60821,Two,"br 0x125e"
4752,34245,Two,"br 0x1198"
4772,4277405631,Four,"jr 0x1198"
4780,1070656,Four,"movhi 0x10, r0, r10"
4788,285662762,Four,"movea 0x1106, r10, r27"
4804,246736426,Four,"movea 0xeb4, r10, r28"
4822,2971453,Four,"ld.w 0x2c[r29], r10"
4828,5570,Two,"be 0x1304"
4832,19954,Two,"be 0x137e"
4836,17794,Two,"be 0x1364"
4838,87869,Four,"ld.w 0x0[r29], r10"
4844,3482,Two,"bne 0x12fe"
4852,62866,Two,"be 0x12d6"
4854,5855037,Four,"ld.w 0x58[r29], r10"
4860,60890,Two,"bne 0x12d6"
4868,1697597,Four,"ld.w 0x18[r29], r28"
4876,2477885,Four,"ld.w 0x24[r29], r25"
4880,57820,Two,"add r28, r28"
4896,3461,Two,"br 0x1330"
4898,83773,Four,"ld.w 0x0[r29], r8"
4902,20936,Two,"add r8, r10"
4904,87933,Four,"st.w r10, 0x0[r29]"
4908,57834,Two,"cmp r10, r28"
4910,5571,Two,"bnh 0x1356"
4912,16412,Two,"mov r28, r8"
4914,14361,Two,"mov r25, r7"
4916,16810,Two,"sub r10, r8"
4918,14794,Two,"add r10, r7"
4922,1443,Two,"bnh 0x133e"
4930,327552,Four,"jarl 0x1346, lp"
4940,60863,Two,"bgt 0x1322"
4942,11690,Two,"bne 0x13a2"
4950,2449213,Four,"ld.w 0x24[r29], r11"
4956,352125,Four,"st.w r11, 0x4[r29]"
4966,327552,Four,"jarl 0x136a, lp"
4976,5618,Two,"be 0x139e"
4984,46586,Two,"bne 0x12e6"
4988,50597,Two,"br 0x1300"
4990,1660733,Four,"ld.w 0x18[r29], r10"
4996,20938,Two,"add r10, r10"
4998,6641533,Four,"st.w r10, 0x64[r29]"
5002,2447165,Four,"ld.w 0x24[r29], r10"
5006,6379389,Four,"st.w r10, 0x60[r29]"
5010,327552,Four,"jarl 0x1396, lp"
5024,58757,Two,"br 0x1360"
5046,4291829251,Four,"addi -0x30, sp, sp"
5062,3014499,Four,"st.w lp, 0x2c[sp]"
5066,2692963,Four,"st.w r2, 0x28[sp]"
5070,2467683,Four,"st.w r20, 0x24[sp]"
5102,55304,Two,"mov r8, r27"
5106,1466,Two,"bne 0x13f8"
5108,20055936,Four,"jr 0x1526"
5122,1458,Two,"be 0x1408"
5134,1458,Two,"be 0x1414"
5136,17696640,Four,"jr 0x151e"
5142,1470,Two,"bge 0x141c"
5144,34342784,Four,"jr 0x1624"
5148,1466,Two,"bne 0x1422"
5150,18745216,Four,"jr 0x153c"
5154,4806461,Four,"ld.w 0x48[r29], r10"
5160,1458,Two,"be 0x142e"
5162,22153088,Four,"jr 0x157c"
5166,124733,Four,"ld.w 0x0[r29], r28"
5170,1097280,Four,"movhi 0x10, r0, r23"
5178,1164864,Four,"movhi 0x11, r0, r24"
5182,53760,Two,"mov 0x0, r26"
5184,313048631,Four,"movea 0x12a8, r23, r23"
5192,1073784384,Four,"movhi 0x4000, r0, r20"
5196,4183082552,Four,"movea -0x6ac, r24, r24"
5202,9698,Two,"be 0x149e"
5204,57851,Two,"cmp r27, r28"
5206,1443,Two,"bnh 0x145a"
5208,57371,Two,"mov r27, r28"
5210,343869,Four,"ld.w 0x4[r29], r7"
5218,327552,Four,"jarl 0x1466, lp"
5224,120,Two,"jmp [r24]"
5226,352061,Four,"ld.w 0x4[r29], r11"
5234,23004,Two,"add r28, r11"
5236,20924,Two,"sub r28, r10"
5238,55740,Two,"sub r28, r27"
5240,51676,Two,"add r28, r25"
5254,53724,Two,"add r28, r26"
5258,649085,Four,"st.w r28, 0x8[r29]"
5264,1466,Two,"bne 0x1496"
5266,24381312,Four,"jr 0x1606"
5276,56778,Two,"bne 0x1454"
5284,1522,Two,"be 0x14b2"
5292,1466,Two,"bne 0x14b2"
5294,22153088,Four,"jr 0x1600"
5298,2973501,Four,"ld.w 0x2c[r29], r11"
5304,15762,Two,"be 0x152a"
5312,55786,Two,"cmp r10, r27"
5314,13761,Two,"bc 0x152a"
5316,23137,Two,"cmp 0x1, r11"
5318,5570,Two,"be 0x14ee"
5322,6676349,Four,"st.w r27, 0x64[r29]"
5326,6410109,Four,"st.w r25, 0x60[r29]"
5330,4231331775,Four,"jarl 0x1106, lp"
5336,13698,Two,"be 0x1538"
5350,52709,Two,"br 0x1482"
5354,55804,Two,"cmp r28, r27"
5356,64947,Two,"bnh 0x14e2"
5358,43035,Two,"mov r27, r21"
5360,4121,Two,"mov r25, r2"
5362,43452,Two,"sub r28, r21"
5364,4572,Two,"add r28, r2"
5366,14338,Two,"mov r2, r7"
5368,16405,Two,"mov r21, r8"
5370,43508,Two,"cmp r20, r21"
5372,1443,Two,"bnh 0x1500"
5374,16404,Two,"mov r20, r8"
5380,327552,Four,"jarl 0x1508, lp"
5390,60895,Two,"bgt 0x14e8"
5392,32250,Two,"bne 0x160e"
5400,51202,Two,"mov r2, r25"
5402,55317,Two,"mov r21, r27"
5408,1466,Two,"bne 0x1526"
5410,4277274559,Four,"jr 0x1414"
5416,3573,Two,"br 0x1546"
5420,327552,Four,"jarl 0x1530, lp"
5426,119,Two,"jmp [r23]"
5438,1474,Two,"be 0x1546"
5446,3014435,Four,"ld.w 0x2c[sp], lp"
5450,2692899,Four,"ld.w 0x28[sp], r2"
5454,2467619,Four,"ld.w 0x24[sp], r20"
5458,2207523,Four,"ld.w 0x20[sp], r21"
5462,1947427,Four,"ld.w 0x1c[sp], r22"
5466,1687331,Four,"ld.w 0x18[sp], r23"
5470,1427235,Four,"ld.w 0x14[sp], r24"
5474,1167139,Four,"ld.w 0x10[sp], r25"
5478,907043,Four,"ld.w 0xc[sp], r26"
5482,646947,Four,"ld.w 0x8[sp], r27"
5486,386851,Four,"ld.w 0x4[sp], r28"
5490,126755,Four,"ld.w 0x0[sp], r29"
5494,3153411,Four,"addi 0x30, sp, sp"
5500,4577085,Four,"ld.w 0x44[r29], r26"
5514,1466,Two,"bne 0x1590"
5516,4272293823,Four,"jr 0x1432"
5520,1099328,Four,"movhi 0x10, r0, r24"
5524,313050680,Four,"movea 0x12a8, r24, r24"
5532,7618,Two,"be 0x15d4"
5534,24602,Two,"mov r26, r12"
5538,11718,Two,"blt 0x15fa"
5540,57850,Two,"cmp r26, r28"
5542,11695,Two,"bgt 0x15fa"
5544,53692,Two,"sub r28, r26"
5546,24604,Two,"mov r28, r12"
5558,22988,Two,"add r12, r11"
5560,20940,Two,"add r12, r10"
5562,124797,Four,"st.w r28, 0x0[r29]"
5576,1466,Two,"bne 0x15ce"
5586,58858,Two,"bne 0x159e"
5594,1522,Two,"be 0x15e8"
5602,1466,Two,"bne 0x15e8"
5608,327552,Four,"jarl 0x15ec, lp"
5624,54661,Two,"br 0x1598"
5626,57786,Two,"sub r26, r28"
5630,56709,Two,"br 0x15ae"
5634,3757949,Four,"st.w r10, 0x38[r29]"
5642,20506,Two,"mov r26, r10"
5666,36309,Two,"br 0x153c"
5672,75253288,Four,"movea 0x47c, r8, r8"
5740,40966,Two,"mov r6, r20"
5746,19040,Two,"cmp 0x0, r9"
5748,1522,Two,"be 0x1682"
5750,876329,Four,"ld.w 0xc[r9], r11"
5760,7650,Two,"be 0x16bc"
5764,3800867,Four,"ld.w 0x38[sp], lp"
5770,3479331,Four,"ld.w 0x34[sp], r2"
5774,3254051,Four,"ld.w 0x30[sp], r20"
5778,2993955,Four,"ld.w 0x2c[sp], r21"
5782,2733859,Four,"ld.w 0x28[sp], r22"
5786,2473763,Four,"ld.w 0x24[sp], r23"
5790,2213667,Four,"ld.w 0x20[sp], r24"
5794,1953571,Four,"ld.w 0x1c[sp], r25"
5798,1693475,Four,"ld.w 0x18[sp], r26"
5802,1433379,Four,"ld.w 0x14[sp], r27"
5806,1173283,Four,"ld.w 0x10[sp], r28"
5810,913187,Four,"ld.w 0xc[sp], r29"
5814,3939843,Four,"addi 0x3c, sp, sp"
5820,5068585,Four,"ld.w 0x4c[r9], r10"
5826,9706,Two,"bne 0x170e"
5832,12296,Two,"mov r8, r6"
5836,345955,Four,"st.w r8, 0x4[sp]"
5840,85859,Four,"st.w r9, 0x0[sp]"
5848,3627089792,Four,"jarl 0xef08, lp"
5852,4014399035,Four,"movea -0x10ba, r27, r27"
5862,327552,Four,"jarl 0x16ea, lp"
5870,345891,Four,"ld.w 0x4[sp], r8"
5874,85795,Four,"ld.w 0x0[sp], r9"
5878,20968,Two,"cmp r8, r10"
5880,3554,Two,"be 0x1714"
5886,77284904,Four,"movea 0x49b, r8, r8"
5892,12297,Two,"mov r9, r6"
5900,48581,Two,"br 0x1684"
5904,48538,Two,"bne 0x1682"
5906,56725,Two,"br 0x16c4"
5910,46578,Two,"be 0x1684"
5912,4806441,Four,"ld.w 0x48[r9], r10"
5918,1458,Two,"be 0x1724"
5920,19924864,Four,"jr 0x1850"
5924,71465,Four,"ld.w 0x0[r9], r2"
5932,1162816,Four,"movhi 0x11, r0, r23"
5946,4239179319,Four,"movea -0x354, r23, r23"
5950,1073786432,Four,"movhi 0x4000, r0, r21"
5954,4183084601,Four,"movea -0x6ac, r25, r25"
5958,4704,Two,"cmp 0x0, r2"
5960,11682,Two,"be 0x179c"
5962,4605,Two,"cmp r29, r2"
5964,1443,Two,"bnh 0x1750"
5966,4125,Two,"mov r29, r2"
5968,343849,Four,"ld.w 0x4[r9], r7"
5972,12308,Two,"mov r20, r6"
5974,16386,Two,"mov r2, r8"
5980,327552,Four,"jarl 0x1760, lp"
5992,59810,Two,"sub r2, r29"
5994,352041,Four,"ld.w 0x4[r9], r11"
5998,87849,Four,"ld.w 0x0[r9], r10"
6002,22978,Two,"add r2, r11"
6004,20898,Two,"sub r2, r10"
6006,41410,Two,"add r2, r20"
6008,352105,Four,"st.w r11, 0x4[r9]"
6012,87913,Four,"st.w r10, 0x0[r9]"
6016,612137,Four,"ld.w 0x8[r9], r10"
6020,53698,Two,"add r2, r26"
6022,4554,Two,"add r10, r2"
6024,595817,Four,"st.w r2, 0x8[r9]"
6030,1466,Two,"bne 0x1794"
6032,21497728,Four,"jr 0x18d8"
6042,56714,Two,"bne 0x174a"
6044,3495721,Four,"ld.w 0x34[r9], r10"
6050,1522,Two,"be 0x17b0"
6052,5855017,Four,"ld.w 0x58[r9], r10"
6058,1466,Two,"bne 0x17b0"
6060,20842368,Four,"jr 0x18ea"
6064,2973481,Four,"ld.w 0x2c[r9], r11"
6070,17794,Two,"be 0x1836"
6072,1660713,Four,"ld.w 0x18[r9], r10"
6078,59882,Two,"cmp r10, r29"
6080,15793,Two,"bc 0x1836"
6084,7586,Two,"be 0x17f8"
6086,6680425,Four,"st.w r29, 0x64[r9]"
6090,6399849,Four,"st.w r20, 0x60[r9]"
6110,1466,Two,"bne 0x17e4"
6112,4272031679,Four,"jr 0x1682"
6120,67433,Four,"st.w r0, 0x0[r9]"
6128,52613,Two,"br 0x1780"
6132,59874,Two,"cmp r2, r29"
6134,64947,Two,"bnh 0x17ec"
6136,20500,Two,"mov r20, r10"
6138,20930,Two,"add r2, r10"
6140,45085,Two,"mov r29, r22"
6142,45474,Two,"sub r2, r22"
6152,45557,Two,"cmp r21, r22"
6154,1443,Two,"bnh 0x180e"
6158,1128233,Four,"ld.w 0x10[r9], r6"
6166,327552,Four,"jarl 0x181a, lp"
6180,58879,Two,"bgt 0x17f2"
6182,28138,Two,"bne 0x1902"
6186,3495785,Four,"st.w r10, 0x34[r9]"
6190,632611,Four,"ld.w 0x8[sp], r20"
6194,59414,Two,"mov r22, r29"
6204,327552,Four,"jarl 0x1840, lp"
6224,4577065,Four,"ld.w 0x44[r9], r26"
6228,4786025,Four,"st.w r0, 0x48[r9]"
6238,1466,Two,"bne 0x1864"
6240,4274522047,Four,"jr 0x1728"
6248,313052729,Four,"movea 0x12a8, r25, r25"
6256,7554,Two,"be 0x18a0"
6258,26650,Two,"mov r26, r13"
6260,11766,Two,"blt 0x18d2"
6262,4602,Two,"cmp r26, r2"
6264,11743,Two,"bgt 0x18d2"
6266,53666,Two,"sub r2, r26"
6268,26626,Two,"mov r2, r13"
6270,4608,Two,"mov 0x0, r2"
6280,22989,Two,"add r13, r11"
6284,71529,Four,"st.w r2, 0x0[r9]"
6292,612201,Four,"st.w r10, 0x8[r9]"
6298,60826,Two,"bne 0x186c"
6310,1522,Two,"be 0x18b4"
6318,1466,Two,"bne 0x18b4"
6328,327552,Four,"jarl 0x18bc, lp"
6342,1466,Two,"bne 0x18cc"
6352,52709,Two,"br 0x186c"
6354,4538,Two,"sub r26, r2"
6358,54741,Two,"br 0x1880"
6364,327552,Four,"jarl 0x18e0, lp"
6374,4254992319,Four,"jr 0x1684"
6384,3757929,Four,"st.w r10, 0x38[r9]"
6388,327552,Four,"jarl 0x18f8, lp"
6478,6748,Two,"add -0x4, sp"
6482,1466,Two,"bne 0x1958"
6484,25954176,Four,"jr 0x1ae0"
6498,1458,Two,"be 0x1968"
6510,1490,Two,"be 0x1978"
6526,11746,Two,"be 0x19da"
6536,57951,Two,"add -0x1, r28"
6538,21057,Two,"add 0x1, r10"
6540,91659,Four,"addi 0x1, r11, r12"
6556,22283,Four,"ld.b 0x0[r11], r10"
6564,3276579,Four,"ld.w 0x30[sp], lp"
6568,2955043,Four,"ld.w 0x2c[sp], r2"
6572,2729763,Four,"ld.w 0x28[sp], r20"
6576,2469667,Four,"ld.w 0x24[sp], r21"
6580,2209571,Four,"ld.w 0x20[sp], r22"
6584,1949475,Four,"ld.w 0x1c[sp], r23"
6588,1689379,Four,"ld.w 0x18[sp], r24"
6592,1429283,Four,"ld.w 0x14[sp], r25"
6596,1169187,Four,"ld.w 0x10[sp], r26"
6600,909091,Four,"ld.w 0xc[sp], r27"
6604,648995,Four,"ld.w 0x8[sp], r28"
6608,388899,Four,"ld.w 0x4[sp], r29"
6612,3415555,Four,"addi 0x34, sp, sp"
6624,1458,Two,"be 0x19e6"
6626,17041280,Four,"jr 0x1ae6"
6642,51712,Two,"mov 0x0, r25"
6644,53761,Two,"mov 0x1, r26"
6646,241155,Four,"addi 0x3, sp, r21"
6668,9666,Two,"be 0x1a54"
6670,55322,Two,"mov r26, r27"
6674,1443,Two,"bnh 0x1a16"
6676,55324,Two,"mov r28, r27"
6678,333629,Four,"ld.w 0x4[r29], r2"
6682,12309,Two,"mov r21, r6"
6688,4571,Two,"add r27, r2"
6690,57787,Two,"sub r27, r28"
6694,43483,Two,"add r27, r21"
6696,327552,Four,"jarl 0x1a2c, lp"
6704,333693,Four,"st.w r2, 0x4[r29]"
6716,51675,Two,"add r27, r25"
6718,55754,Two,"add r10, r27"
6720,647037,Four,"st.w r27, 0x8[r29]"
6726,1466,Two,"bne 0x1a4c"
6728,18614144,Four,"jr 0x1b64"
6738,56810,Two,"bne 0x1a0e"
6746,1490,Two,"be 0x1a64"
6754,32226,Two,"be 0x1b5e"
6756,2975549,Four,"ld.w 0x2c[r29], r12"
6762,13762,Two,"be 0x1ad2"
6770,53738,Two,"cmp r10, r26"
6772,11761,Two,"bc 0x1ad2"
6774,25185,Two,"cmp 0x1, r12"
6776,5570,Two,"be 0x1aa0"
6780,6674301,Four,"st.w r26, 0x64[r29]"
6784,6401917,Four,"st.w r21, 0x60[r29]"
6794,11698,Two,"be 0x1ae0"
6796,122685,Four,"ld.w 0x0[r29], r27"
6808,54661,Two,"br 0x1a38"
6814,28083,Two,"bnh 0x1b74"
6816,4122,Two,"mov r26, r2"
6820,4540,Two,"sub r28, r2"
6828,4596,Two,"cmp r20, r2"
6830,1443,Two,"bnh 0x1ab2"
6838,327552,Four,"jarl 0x1aba, lp"
6848,60895,Two,"bgt 0x1a9a"
6850,26010,Two,"bne 0x1b84"
6860,53250,Two,"mov r2, r26"
6868,327552,Four,"jarl 0x1ad8, lp"
6882,4274128831,Four,"jr 0x19a4"
6886,4579133,Four,"ld.w 0x44[r29], r27"
6898,1466,Two,"bne 0x1af8"
6900,4277274559,Four,"jr 0x19e6"
6908,313058876,Four,"movea 0x12a8, r28, r28"
6916,7570,Two,"be 0x1b36"
6918,26651,Two,"mov r27, r13"
6920,11654,Two,"blt 0x1b58"
6922,20987,Two,"cmp r27, r10"
6924,9711,Two,"bgt 0x1b58"
6926,55722,Two,"sub r10, r27"
6928,26634,Two,"mov r10, r13"
6936,614205,Four,"ld.w 0x8[r29], r11"
6952,614269,Four,"st.w r11, 0x8[r29]"
6958,60826,Two,"bne 0x1b00"
6972,1490,Two,"be 0x1b46"
6980,7634,Two,"be 0x1b7e"
6982,327552,Four,"jarl 0x1b4a, lp"
6998,54741,Two,"br 0x1b00"
7000,20923,Two,"sub r27, r10"
7002,55808,Two,"mov 0x0, r27"
7004,56773,Two,"br 0x1b14"
7014,48599,Two,"ble 0x1ae0"
7016,218883,Four,"ld.b 0x3[sp], r10"
7030,43484,Two,"add r28, r21"
7034,4273866687,Four,"jr 0x1a38"
7124,1466,Two,"bne 0x1bda"
7126,25954176,Four,"jr 0x1d62"
7140,1458,Two,"be 0x1bea"
7152,1490,Two,"be 0x1bfa"
7168,11746,Two,"be 0x1c5c"
7266,1458,Two,"be 0x1c68"
7268,17041280,Four,"jr 0x1d68"
7310,9666,Two,"be 0x1cd6"
7316,1443,Two,"bnh 0x1c98"
7338,327552,Four,"jarl 0x1cae, lp"
7368,1466,Two,"bne 0x1cce"
7370,18614144,Four,"jr 0x1de6"
7380,56810,Two,"bne 0x1c90"
7388,1490,Two,"be 0x1ce6"
7396,32226,Two,"be 0x1de0"
7404,13762,Two,"be 0x1d54"
7414,11761,Two,"bc 0x1d54"
7418,5570,Two,"be 0x1d22"
7436,11698,Two,"be 0x1d62"
7450,54661,Two,"br 0x1cba"
7456,28083,Two,"bnh 0x1df6"
7472,1443,Two,"bnh 0x1d34"
7480,327552,Four,"jarl 0x1d3c, lp"
7490,60895,Two,"bgt 0x1d1c"
7492,26010,Two,"bne 0x1e06"
7510,327552,Four,"jarl 0x1d5a, lp"
7524,4274128831,Four,"jr 0x1c26"
7540,1466,Two,"bne 0x1d7a"
7542,4277274559,Four,"jr 0x1c68"
7558,7570,Two,"be 0x1db8"
7562,11654,Two,"blt 0x1dda"
7566,9711,Two,"bgt 0x1dda"
7600,60826,Two,"bne 0x1d82"
7614,1490,Two,"be 0x1dc8"
7622,7634,Two,"be 0x1e00"
7624,327552,Four,"jarl 0x1dcc, lp"
7640,54741,Two,"br 0x1d82"
7646,56773,Two,"br 0x1d96"
7656,48599,Two,"ble 0x1d62"
7676,4273866687,Four,"jr 0x1cba"
7720,1179491,Four,"st.w lp, 0x10[sp]"
7732,59399,Two,"mov r7, r29"
7738,15746,Two,"be 0x1eaa"
7740,876327,Four,"ld.w 0xc[r7], r11"
7750,13738,Two,"bne 0x1eaa"
7752,5068583,Four,"ld.w 0x4c[r7], r10"
7758,11722,Two,"bne 0x1ea6"
7766,15850,Two,"bne 0x1ed2"
7770,11654,Two,"blt 0x1eaa"
7772,1662781,Four,"ld.w 0x18[r29], r11"
7780,22987,Two,"add r11, r11"
7782,24587,Two,"mov r11, r12"
7786,11650,Two,"be 0x1eba"
7790,1466,Two,"bne 0x1e74"
7792,17172352,Four,"jr 0x1f76"
7796,356157,Four,"ld.w 0x4[r29], r13"
7800,2451261,Four,"ld.w 0x24[r29], r12"
7804,27116,Two,"cmp r12, r13"
7806,26098,Two,"be 0x1f4c"
7810,4294925837,Four,"addi -0x1, r13, r11"
7822,4294958925,Four,"st.b r27, -0x1[r13]"
7834,21087,Two,"add -0x1, r10"
7840,20507,Two,"mov r27, r10"
7842,3541698432,Four,"jr 0xf1bc"
7848,54722,Two,"be 0x1e50"
7860,1664829,Four,"ld.w 0x18[r29], r12"
7864,25036,Two,"add r12, r12"
7870,25183,Two,"add -0x1, r12"
7872,25034,Two,"add r10, r12"
7884,57164,Four,"st.b r27, 0x0[r12]"
7888,58773,Two,"br 0x1e92"
7890,4581181,Four,"ld.w 0x44[r29], r28"
7900,48610,Two,"be 0x1e58"
7902,1103424,Four,"movhi 0x10, r0, r26"
7906,313054778,Four,"movea 0x12a8, r26, r26"
7918,7618,Two,"be 0x1f26"
7920,20508,Two,"mov r28, r10"
7924,11670,Two,"blt 0x1f46"
7928,9727,Two,"bgt 0x1f46"
7944,27082,Two,"add r10, r13"
7952,356221,Four,"st.w r13, 0x4[r29]"
7956,616317,Four,"st.w r12, 0x8[r29]"
7972,58858,Two,"bne 0x1ef0"
7980,1490,Two,"be 0x1f36"
7988,48610,Two,"be 0x1eb0"
7990,327552,Four,"jarl 0x1f3a, lp"
8000,54714,Two,"bne 0x1ee6"
8004,46533,Two,"br 0x1eac"
8010,56757,Two,"br 0x1f00"
8012,24589,Two,"mov r13, r12"
8020,3577,Two,"bnc 0x1f72"
8024,22284,Four,"ld.b 0x0[r12], r10"
8028,23135,Two,"add -0x1, r11"
8030,22347,Four,"st.b r10, 0x0[r11]"
8040,62961,Two,"bc 0x1f56"
8048,36229,Two,"br 0x1e80"
8058,79447592,Four,"movea 0x4bc, r8, r8"
8074,4292091395,Four,"addi -0x2c, sp, sp"
8090,2752355,Four,"st.w lp, 0x28[sp]"
8130,32178,Two,"be 0x20b8"
8138,30199,Two,"ble 0x20b8"
8150,30106,Two,"bne 0x20b8"
8158,1458,Two,"be 0x1fe4"
8170,28074,Two,"bne 0x20be"
8172,55903,Two,"add -0x1, r27"
8176,1093184,Four,"movhi 0x10, r0, r21"
8192,51224,Two,"mov r24, r25"
8194,313044533,Four,"movea 0x12a8, r21, r21"
8198,4187797046,Four,"movea -0x664, r22, r22"
8202,4183080503,Four,"movea -0x6ac, r23, r23"
8206,13701,Two,"br 0x206e"
8208,14858,Two,"mov 0xa, r7"
8212,55787,Two,"cmp r11, r27"
8214,1443,Two,"bnh 0x201a"
8216,57355,Two,"mov r11, r28"
8218,382781,Four,"ld.w 0x4[r29], r26"
8226,327552,Four,"jarl 0x2026, lp"
8236,40970,Two,"mov r10, r20"
8240,53642,Two,"subr r10, r26"
8244,1458,Two,"be 0x203a"
8246,124442,Four,"addi 0x1, r26, r28"
8252,327552,Four,"jarl 0x2040, lp"
8274,25052,Two,"add r28, r12"
8296,5554,Two,"be 0x208e"
8298,41568,Two,"cmp 0x0, r20"
8300,5530,Two,"bne 0x208e"
8306,52730,Two,"bne 0x2010"
8308,327552,Four,"jarl 0x2078, lp"
8314,117,Two,"jmp [r21]"
8334,51704,Two,"cmp r24, r25"
8338,20504,Two,"mov r24, r10"
8340,1881,Four,"st.b r0, 0x0[r25]"
8344,3477342080,Four,"jr 0xefdc"
8354,1490,Two,"be 0x20ac"
8362,42386,Two,"be 0x1fec"
8364,327552,Four,"jarl 0x20b0, lp"
8374,3562,Two,"bne 0x20d2"
8410,58770,Two,"be 0x209c"
8414,7558,Two,"blt 0x210e"
8418,5615,Two,"bgt 0x210e"
8458,4276488127,Four,"jr 0x1ff0"
8466,60869,Two,"br 0x20ea"
8482,5602,Two,"be 0x214e"
8494,1490,Two,"be 0x2138"
8504,2971430,Four,"ld.w 0x2c[r6], r10"
8510,64922,Two,"bne 0x2130"
8512,87846,Four,"ld.w 0x0[r6], r10"
8520,3983343551,Four,"jarl 0xeb4, lp"
8524,62885,Two,"br 0x2130"
8560,17842,Two,"be 0x21f6"
8572,15834,Two,"bne 0x21f6"
8580,9674,Two,"bne 0x21cc"
8590,5103421,Four,"ld.w 0x4c[r29], r27"
8594,55931,Two,"cmp -0x5, r27"
8596,1442,Two,"be 0x2198"
8614,327552,Four,"jarl 0x21aa, lp"
8626,3678601088,Four,"jarl 0xfcf4, lp"
8634,327552,Four,"jarl 0x21be, lp"
8644,7610,Two,"bne 0x21fa"
8652,5518854,Four,"addi 0x54, r6, r6"
8656,2121072512,Four,"jarl 0xa03c, lp"
8672,327552,Four,"jarl 0x21e4, lp"
8684,327552,Four,"jarl 0x21f0, lp"
8692,52693,Two,"br 0x218e"
8694,55838,Two,"mov -0x2, r27"
8696,58869,Two,"br 0x21c6"
8698,55839,Two,"mov -0x1, r27"
8746,327552,Four,"jarl 0x222e, lp"
8762,21890,Two,"be 0x22da"
8770,3458,Two,"be 0x2252"
8778,1056259,Four,"addi 0x10, sp, sp"
8788,327552,Four,"jarl 0x2258, lp"
8802,15762,Two,"be 0x22d4"
8816,3692064,Four,"movea 0x38, r0, r10"
8820,4286269,Four,"ld.w 0x40[r29], r12"
8824,4013885,Four,"ld.w 0x3c[r29], r7"
8828,23048,Two,"mov 0x8, r11"
8830,874339,Four,"st.w r10, 0xc[sp]"
8838,82400810,Four,"movea 0x4e9, r10, r10"
8842,2051616,Four,"movea 0x1f, r0, r9"
8846,16395,Two,"mov r11, r8"
8848,5518877,Four,"addi 0x54, r29, r6"
8856,354147,Four,"st.w r12, 0x4[sp]"
8860,89955,Four,"st.w r11, 0x0[sp]"
8864,1376059264,Four,"jarl 0x74a4, lp"
8870,9674,Two,"bne 0x22ee"
8872,1926973,Four,"ld.w 0x1c[r29], r12"
8884,1664893,Four,"st.w r12, 0x18[r29]"
8890,11706,Two,"bne 0x2310"
8900,6645629,Four,"st.w r12, 0x64[r29]"
8904,6381437,Four,"st.w r11, 0x60[r29]"
8926,81479208,Four,"movea 0x4db, r8, r8"
8940,44533,Two,"br 0x224a"
8954,327552,Four,"jarl 0x22fe, lp"
8966,327552,Four,"jarl 0x230a, lp"
8974,58853,Two,"br 0x22da"
9020,30114,Two,"be 0x2420"
9028,13698,Two,"be 0x23a4"
9030,5850941,Four,"ld.w 0x58[r29], r8"
9036,19858,Two,"be 0x23de"
9046,4234206779,Four,"movea -0x3a0, r27, r27"
9050,1073800768,Four,"movhi 0x4000, r0, r28"
9054,3541,Two,"br 0x2378"
9068,5851005,Four,"st.w r8, 0x58[r29]"
9072,5586813,Four,"st.w r7, 0x54[r29]"
9080,16892,Two,"cmp r28, r8"
9082,1443,Two,"bnh 0x237e"
9090,327552,Four,"jarl 0x2386, lp"
9100,60846,Two,"bge 0x2360"
9106,82855464,Four,"movea 0x4f0, r8, r8"
9132,6641469,Four,"ld.w 0x64[r29], r10"
9144,5557789,Four,"addi 0x54, r29, r25"
9148,1529009722,Four,"movea 0x5b22, r26, r26"
9154,5522,Two,"be 0x23e4"
9156,49162,Two,"mov r10, r24"
9162,327552,Four,"jarl 0x23ce, lp"
9172,15778,Two,"be 0x2448"
9178,20984,Two,"cmp r24, r10"
9180,62890,Two,"bne 0x23c0"
9188,6381373,Four,"ld.w 0x60[r29], r11"
9192,345917,Four,"ld.w 0x4[r29], r8"
9196,23016,Two,"cmp r8, r11"
9198,3515,Two,"bh 0x2404"
9200,9621,Two,"br 0x2432"
9210,16842,Two,"add r10, r8"
9212,345981,Four,"st.w r8, 0x4[r29]"
9218,5571,Two,"bnh 0x242a"
9220,14344,Two,"mov r8, r7"
9222,16779,Two,"subr r11, r8"
9226,1447,Two,"ble 0x240e"
9234,327552,Four,"jarl 0x2416, lp"
9244,60862,Two,"bge 0x23f2"
9246,48517,Two,"br 0x238e"
9248,4259250111,Four,"jarl 0x21fe, lp"
9254,36298,Two,"bne 0x233e"
9256,48581,Two,"br 0x23a0"
9258,6670141,Four,"ld.w 0x64[r29], r24"
9264,52666,Two,"bne 0x23c6"
9270,1689405,Four,"ld.w 0x18[r29], r24"
9278,6670205,Four,"st.w r24, 0x64[r29]"
9282,350077,Four,"st.w r10, 0x4[r29]"
9286,50565,Two,"br 0x23c6"
9294,84690472,Four,"movea 0x50c, r8, r8"
9352,5855014,Four,"ld.w 0x58[r6], r10"
9358,53255,Two,"mov r7, r26"
9362,1458,Two,"be 0x2498"
9364,25298816,Four,"jr 0x2616"
9370,30130,Two,"be 0x2580"
9384,5553693,Four,"addi 0x54, r29, r23"
9390,4185437750,Four,"movea -0x688, r22, r22"
9402,1529005624,Four,"movea 0x5b22, r24, r24"
9412,26006,Two,"blt 0x2586"
9414,20986,Two,"cmp r26, r10"
9416,24063,Two,"bgt 0x2586"
9426,3506,Two,"be 0x24e8"
9432,327552,Four,"jarl 0x24dc, lp"
9452,5885821,Four,"st.w r25, 0x58[r29]"
9456,23001,Two,"add r25, r11"
9458,5584765,Four,"st.w r6, 0x54[r29]"
9468,26066,Two,"be 0x25c6"
9476,11682,Two,"be 0x2558"
9484,13810,Two,"be 0x257a"
9490,3541,Two,"br 0x252c"
9518,1443,Two,"bnh 0x2532"
9526,327552,Four,"jarl 0x253a, lp"
9536,60846,Two,"bge 0x2514"
9566,5602,Two,"be 0x258a"
9568,43018,Two,"mov r10, r21"
9572,12311,Two,"mov r23, r6"
9574,327552,Four,"jarl 0x256a, lp"
9584,19842,Two,"be 0x2600"
9590,20981,Two,"cmp r21, r10"
9592,62890,Two,"bne 0x255c"
9594,53689,Two,"sub r25, r26"
9598,42378,Two,"bne 0x24be"
9606,51226,Two,"mov r26, r25"
9608,42405,Two,"br 0x24cc"
9620,3515,Two,"bh 0x25aa"
9622,9653,Two,"br 0x25dc"
9640,5603,Two,"bnh 0x25d4"
9648,1447,Two,"ble 0x25b4"
9656,327552,Four,"jarl 0x25bc, lp"
9666,60862,Two,"bge 0x2598"
9668,48629,Two,"br 0x2542"
9678,40330,Two,"bne 0x24fe"
9682,50581,Two,"br 0x2554"
9684,6663997,Four,"ld.w 0x64[r29], r21"
9688,43616,Two,"cmp 0x0, r21"
9690,50634,Two,"bne 0x2562"
9696,1683261,Four,"ld.w 0x18[r29], r21"
9708,6664061,Four,"st.w r21, 0x64[r29]"
9716,327552,Four,"jarl 0x25f8, lp"
9726,48554,Two,"bne 0x2572"
9750,4244570047,Four,"jarl 0x2314, lp"
9756,1458,Two,"be 0x2622"
9758,4269410239,Four,"jr 0x2498"
9810,1466,Two,"bne 0x2658"
9812,19924864,Four,"jr 0x2784"
9822,1466,Two,"bne 0x2664"
9824,19662720,Four,"jr 0x278c"
9834,1458,Two,"be 0x2670"
9836,20187008,Four,"jr 0x27a0"
9844,5859133,Four,"ld.w 0x58[r29], r12"
9850,15833,Two,"bnc 0x26f4"
9860,53276,Two,"mov r28, r26"
9866,588561975,Four,"movea 0x2314, r23, r23"
9870,2187069,Four,"ld.w 0x20[r29], r11"
9876,11714,Two,"be 0x26ec"
9878,5627709,Four,"ld.w 0x54[r29], r27"
9882,55756,Two,"add r12, r27"
9886,55723,Two,"sub r11, r27"
9888,55690,Two,"subr r10, r27"
9892,55802,Two,"cmp r26, r27"
9894,1443,Two,"bnh 0x26aa"
9900,327552,Four,"jarl 0x26b0, lp"
9916,23003,Two,"add r27, r11"
9918,20955,Two,"add r27, r10"
9920,5857149,Four,"st.w r11, 0x58[r29]"
9932,24018,Two,"be 0x2786"
9934,327552,Four,"jarl 0x26d2, lp"
9944,21986,Two,"be 0x2784"
9962,54762,Two,"bne 0x2696"
9964,55307,Two,"mov r11, r27"
9966,5595005,Four,"st.w r11, 0x54[r29]"
9970,54725,Two,"br 0x269a"
9974,3458,Two,"be 0x2706"
9994,5623677,Four,"st.w r25, 0x54[r29]"
10000,5891965,Four,"st.w r28, 0x58[r29]"
10014,1466,Two,"bne 0x2724"
10016,17696640,Four,"jr 0x282e"
10026,17906,Two,"be 0x27b8"
10044,4234204730,Four,"movea -0x3a0, r26, r26"
10052,3541,Two,"br 0x275e"
10080,1443,Two,"bnh 0x2764"
10088,327552,Four,"jarl 0x276c, lp"
10098,60846,Two,"bge 0x2746"
10138,1466,Two,"bne 0x27a0"
10140,4275308479,Four,"jr 0x2670"
10144,4538173,Four,"ld.w 0x44[r29], r7"
10154,4239589311,Four,"jarl 0x245c, lp"
10160,1458,Two,"be 0x27b6"
10166,58869,Two,"br 0x2784"
10194,5506,Two,"be 0x27f2"
10196,47114,Two,"mov r10, r23"
10202,327552,Four,"jarl 0x27de, lp"
10212,17842,Two,"be 0x286a"
10218,20983,Two,"cmp r23, r10"
10224,62890,Two,"bne 0x27d4"
10236,3515,Two,"bh 0x2812"
10238,9669,Two,"br 0x2846"
10256,5619,Two,"bnh 0x283e"
10264,1447,Two,"ble 0x281c"
10272,327552,Four,"jarl 0x2824, lp"
10282,60862,Two,"bge 0x2800"
10284,42437,Two,"br 0x2774"
10294,1458,Two,"be 0x283c"
10296,4276881343,Four,"jr 0x2724"
10302,6668093,Four,"ld.w 0x64[r29], r23"
10306,47712,Two,"cmp 0x0, r23"
10308,52634,Two,"bne 0x27d6"
10314,1687357,Four,"ld.w 0x18[r29], r23"
10326,6668157,Four,"st.w r23, 0x64[r29]"
10334,327552,Four,"jarl 0x2862, lp"
10344,48634,Two,"bne 0x27e6"
10378,1522,Two,"be 0x2898"
10380,878374,Four,"ld.w 0xc[r6], r12"
10390,1490,Two,"be 0x28a0"
10394,6724,Two,"add 0x4, sp"
10406,64922,Two,"bne 0x2898"
10410,1510,Two,"blt 0x28b6"
10412,4252696511,Four,"jarl 0x2626, lp"
10426,87246376,Four,"movea 0x533, r8, r8"
10440,87843,Four,"ld.w 0x0[sp], r10"
10444,58869,Two,"br 0x289a"
10478,1522,Two,"be 0x28fc"
10490,1506,Two,"be 0x2906"
10508,64906,Two,"bne 0x28fc"
10532,4014396986,Four,"movea -0x10ba, r26, r26"
10542,327552,Four,"jarl 0x2932, lp"
10560,3506,Two,"be 0x2956"
10566,89671208,Four,"movea 0x558, r8, r8"
10580,54741,Two,"br 0x28fe"
10584,54706,Two,"be 0x28fe"
10600,327552,Four,"jarl 0x296c, lp"
10656,1466,Two,"bne 0x29a6"
10658,19924864,Four,"jr 0x2ad2"
10672,1458,Two,"be 0x29b6"
10684,1458,Two,"be 0x29c2"
10690,4806438,Four,"ld.w 0x48[r6], r10"
10696,1458,Two,"be 0x29ce"
10698,20973440,Four,"jr 0x2b0a"
10706,16740060,Four,"andi 0xff, r28, r13"
10712,1466,Two,"bne 0x29de"
10714,22022016,Four,"jr 0x2b2a"
10718,5863229,Four,"ld.w 0x58[r29], r14"
10726,29280,Two,"cmp 0x0, r14"
10728,32146,Two,"be 0x2ada"
10730,5596989,Four,"ld.w 0x54[r29], r12"
10734,25038,Two,"add r14, r12"
10736,20876,Two,"subr r12, r10"
10740,32171,Two,"bh 0x2ae8"
10746,225091,Four,"st.b r13, 0x3[sp]"
10752,1458,Two,"be 0x2a06"
10754,21104512,Four,"jr 0x2b44"
10758,1695549,Four,"ld.w 0x18[r29], r27"
10768,1467,Two,"bh 0x2a16"
10770,22284160,Four,"jr 0x2b66"
10782,247299,Four,"addi 0x3, sp, r24"
10786,4183086650,Four,"movea -0x6ac, r26, r26"
10790,588566073,Four,"movea 0x2314, r25, r25"
10800,11698,Two,"be 0x2a86"
10806,14360,Two,"mov r24, r7"
10810,22922,Two,"subr r10, r11"
10820,11723,Two,"bh 0x2a9c"
10822,327552,Four,"jarl 0x2a4a, lp"
10852,49627,Two,"add r27, r24"
10856,11650,Two,"be 0x2ab8"
10858,327552,Four,"jarl 0x2a6e, lp"
10868,11762,Two,"be 0x2ad2"
10884,54778,Two,"bne 0x2a32"
10906,54755,Two,"bnh 0x2a46"
10908,50968,Four,"ld.b 0x0[r24], r24"
10912,51018,Four,"st.b r24, 0x0[r10]"
10924,23105,Two,"add 0x1, r11"
10938,16733916,Four,"andi 0xff, r28, r10"
10970,24586,Two,"mov r10, r12"
10982,36227,Two,"bnh 0x29f6"
10984,28492,Four,"st.b r13, 0x0[r12]"
11018,4538150,Four,"ld.w 0x44[r6], r7"
11022,4786022,Four,"st.w r0, 0x48[r6]"
11044,1458,Two,"be 0x2b2a"
11046,4273473471,Four,"jr 0x29de"
11070,1466,Two,"bne 0x2b44"
11072,4274390975,Four,"jr 0x2a06"
11104,1459,Two,"bnh 0x2b66"
11106,4273211327,Four,"jr 0x2a16"
11112,1458,Two,"be 0x2b6e"
11114,20580224,Four,"jr 0x2ca4"
11122,220675,Four,"addi 0x3, sp, r11"
11144,32130,Two,"be 0x2c78"
11152,13746,Two,"be 0x2bf6"
11178,3573,Two,"br 0x2bc8"
11202,1466,Two,"bne 0x2bc8"
11204,4277405631,Four,"jr 0x2ab8"
11210,1443,Two,"bnh 0x2bce"
11218,327552,Four,"jarl 0x2bd6, lp"
11228,60814,Two,"bge 0x2bac"
11274,5555741,Four,"addi 0x54, r29, r24"
11278,1529007673,Four,"movea 0x5b22, r25, r25"
11284,5570,Two,"be 0x2c3c"
11292,327552,Four,"jarl 0x2c20, lp"
11302,1466,Two,"bne 0x2c2c"
11304,4271507391,Four,"jr 0x2ac2"
11314,1466,Two,"bne 0x2c38"
11322,60906,Two,"bne 0x2c16"
11332,16875,Two,"cmp r11, r8"
11334,3505,Two,"bc 0x2c5c"
11336,9653,Two,"br 0x2c8e"
11354,5603,Two,"bnh 0x2c86"
11362,1447,Two,"ble 0x2c66"
11370,327552,Four,"jarl 0x2c6e, lp"
11380,60862,Two,"bge 0x2c4a"
11382,46533,Two,"br 0x2bde"
11392,34266,Two,"bne 0x2b8a"
11404,50666,Two,"bne 0x2c18"
11426,48565,Two,"br 0x2c18"
11436,1466,Two,"bne 0x2cb2"
11446,4273473471,Four,"jr 0x2b6e"
11492,1466,Two,"bne 0x2cea"
11494,39192448,Four,"jr 0x2f3c"
11508,1458,Two,"be 0x2cfa"
11520,1458,Two,"be 0x2d06"
11526,12295,Two,"mov r7, r6"
11536,1466,Two,"bne 0x2d16"
11538,19269504,Four,"jr 0x2e38"
11548,1466,Two,"bne 0x2d22"
11550,19400576,Four,"jr 0x2e46"
11560,1458,Two,"be 0x2d2e"
11562,20055936,Four,"jr 0x2e5c"
11576,15833,Two,"bnc 0x2db2"
11602,11714,Two,"be 0x2daa"
11620,1443,Two,"bnh 0x2d68"
11626,327552,Four,"jarl 0x2d6e, lp"
11658,23986,Two,"be 0x2e40"
11660,327552,Four,"jarl 0x2d90, lp"
11670,21906,Two,"be 0x2e38"
11688,54762,Two,"bne 0x2d54"
